Question,True_Answer,LLM_Answer,Retieveds_Context
Who is Harry Potter's best friend?,Ron Weasley,Ron Weasley and Hermione Granger are Harry's best friends.,"More than anything else at Hogwarts, more even than playing Quidditch, 
Harry missed his best friends, Ron Weasley and Hermione Granger."
What house is Harry Potter sorted into?,Gryffindor,Harry Potter is sorted into Gryffindor house.,"“Not Slytherin, eh?” said the small voice. “Are you sure? You could be
great, you know, it’s all here in your head, and Slytherin will help you on the
way to greatness, no doubt about that — no? Well, if you’re sure — better be
GRYFFINDOR!”"
What is the name of Harry Potter's owl?,Hedwig,Hedwig is the name of Harry Potter's owl.,"Harry kept to his room, with his new owl for company. He had decided to
call her Hedwig, a name he had found in A History of Magic."
Who is the headmaster of Hogwarts?,Albus Dumbledore,"According to the book, the headmaster of Hogwarts is Albus Dumbledore.","Harry turned over his card and read:
ALBUS DUMBLEDORE
CURRENTLY HEADMASTER OF HOGWARTS"
What spell is used to disarm an opponent?,Expelliarmus,The spell used to disarm an opponent is Expelliarmus.,"He
pulled out his wand and shouted, “Expelliarmus!” and just as Snape had
Disarmed Lockhart, so Malfoy found the diary shooting out of his hand into
the air."
Who teaches Potions at Hogwarts?,Severus Snape,Professor Snape teaches Potions at Hogwarts.,"No wonder he’s looking so
nervous, that’s Professor Snape. He teaches Potions, but he doesn’t want to —
everyone knows he’s after Quirrell’s job."
What is the name of the Weasley's house?,The Burrow,The Weasley's house is called The Burrow.,"They
had landed next to a tumbledown garage in a small yard, and Harry looked
out for the first time at Ron’s house.
It looked as though it had once been a large stone pigpen, but extra rooms
had been added here and there until it was several stories high and so crooked
it looked as though it were held up by magic (which, Harry reminded himself,
it probably was). Four or five chimneys were perched on top of the red roof.
A lopsided sign stuck in the ground near the entrance read, THE BURROW."
Who is the author of the Harry Potter series?,J.K. Rowling,The author of the Harry Potter series is J.K. Rowling.,Text copyright © 2007 by J.K. Rowling
What platform do students use to board the Hogwarts Express?,Platform 9 3/4,Platform 9 3/4!,"THE JOURNEY FROM PLATFORM NINE AND
THREE-QUARTERS"
What is the name of Harry's godfather?,Sirius Black,Sirius Black is Harry's godfather.,"I, Sirius Black, Harry Potter’s godfather, hereby give him permission to
visit Hogsmeade on weekends."
Who is the gamekeeper at Hogwarts?,Rubeus Hagrid,Hagrid is the gamekeeper at Hogwarts.,"“That’s Hagrid,” said Harry, pleased to know something the boy didn’t.
“He works at Hogwarts.”
“Oh,” said the boy, “I’ve heard of him. He’s a sort of servant, isn’t he?”
“He’s the gamekeeper,” said Harry. He was liking the boy less and less
every second."
What position does Harry play on his Quidditch team?,Seeker,"According to the text, Harry plays the position of Seeker on his Quidditch team.","Hardly anyone had seen Harry play because Wood had decided that, as
their secret weapon, Harry should be kept, well, secret. But the news that he
was playing Seeker had leaked out somehow, and Harry didn’t know which
was worse — people telling him he’d be brilliant or people telling him they’d
be running around underneath him holding a mattress"
Who is the ghost of Gryffindor House?,Nearly Headless Nick,"Sir Nicholas de Mimsy-Porpington, also known as Nearly Headless Nick, is the ghost of Gryffindor House.","“I haven’t eaten for nearly five hundred years,” said the ghost. “I don’t
need to, of course, but one does miss it. I don’t think I’ve introduced myself?
Sir Nicholas de Mimsy-Porpington at your service. Resident ghost of
Gryffindor Tower.”
“I know who you are!” said Ron suddenly. “My brothers told me about you
— you’re Nearly Headless Nick!”"
What magical creature pulls the carriages to Hogwarts?,Thestrals,The magical creature that pulls the carriages to Hogwarts is a Thestral.,"“Thestrals,” said Hagrid proudly and Hermione gave a soft “oh!” of
comprehension at Harry’s shoulder. “Hogwarts has got a whole herd of ’em in
here. Now, who knows — ?”
“But they’re really, really unlucky!” interrupted Parvati, looking alarmed.
“They’re supposed to bring all sorts of horrible misfortune on people who see
them. Professor Trelawney told me once —”
“No, no, no,” said Hagrid, chuckling, “tha’s jus’ superstition, that is, they
aren’ unlucky, they’re dead clever an’ useful! ’Course, this lot don’ get a lot o’
work, it’s mainly jus’ pullin’ the school carriages unless Dumbledore’s takin’
a long journey an’ don’ want ter Apparate — an’ here’s another couple, look
—”"
What is the name of the house elf who serves the Malfoy family?,Dobby,The house elf who serves the Malfoy family is Dobby.,"“What’s that?” spat Mr. Malfoy. “What did you say?”
“Got a sock,” said Dobby in disbelief. “Master threw it, and Dobby caught
it, and Dobby — Dobby is free.”"
Who is the Half-Blood Prince?,Severus Snape,The Half-Blood Prince is a mysterious alias used by Severus Snape in his potions textbook.,"Snape’s pale face, illuminated by the flaming cabin,
was suffused with hatred just as it had been before he had cursed
Dumbledore.
“You dare use my own spells against me, Potter? It was I who invented
them — I, the Half-Blood Prince!"
What is the spell to summon objects?,Accio,"The spell to summon objects is ""Accio"".","It was an unpleasant scene; the twins had evidently been trying to smuggle
as many toffees out of the house as possible, and it was only by using her
Summoning Charm that Mrs. Weasley managed to find them all.
“Accio! Accio! Accio!” she shouted, and toffees zoomed from all sorts of
unlikely places, including the lining of George’s jacket and the turn-ups of
Fred’s jeans."
Who is the defense against the dark arts teacher in Harry's first year?,Quirinus Quirrell,Professor Quirrell is the Defense Against the Dark Arts teacher in Harry's first year.,"“What sort of magic do you teach, Professor Quirrell?”
“D-Defense Against the D-D-Dark Arts,” muttered Professor Quirrell, as
though he’d rather not think about it."
What is the name of the three-headed dog that guards the Philosopher's Stone?,Fluffy,The three-headed dog that guards the Philosopher's Stone is named Fluffy.,"“He tried to get past
that three-headed dog on Halloween. It bit him. We think he was trying to
steal whatever it’s guarding.”
Hagrid dropped the teapot.
“How do you know about Fluffy?” he said.
“Fluffy?”
“Yeah — he’s mine"
What creature is Aragog?,Acromantula,"Aragog is an Acromantula, a type of giant spider.","“I heard rumors there were acromantulas in the forest,” said Slughorn
softly, looking over at the mass of black trees. “It’s true, then?”
“Yes,” said Harry. “But this one, Aragog, the first one Hagrid ever got, it
died last night."
Who does Harry marry?,Ginny Weasley,Harry marries Ginny Weasley.,"Albus’s voice drifted back
to Harry over the surrounding clamor; his sons had resumed the argument
they had started in the car.
“I won’t! I won’t be in Slytherin!”
“James, give it a rest!” said Ginny."
What are the names of Harry's children?,"James, Albus, and Lily","I do not know. The text you provided is a passage from the book, but it doesn't mention the names of Harry's children.","“It won’t be long, and you’ll be going too,” Harry told her.
“Two years,” sniffed Lily. “I want to go now!”
The commuters stared curiously at the owls as the family wove its way
toward the barrier between platforms nine and ten. Albus’s voice drifted back
to Harry over the surrounding clamor; his sons had resumed the argument
they had started in the car.
“I won’t! I won’t be in Slytherin!”
“James, give it a rest!” said Ginny."
What is the name of the wand shop in Diagon Alley?,Ollivanders,The name of the wand shop in Diagon Alley is Ollivanders.,"“Don’ mention it,” said Hagrid gruffly. “Don’ expect you’ve had a lotta
presents from them Dursleys. Just Ollivanders left now — only place fer
wands, Ollivanders, and yeh gotta have the best wand.”"
Who is the head of Slytherin House?,Severus Snape,The head of Slytherin House is Professor Snape.,"“Snape’s Head of Slytherin
House. They say he always favors them — we’ll be able to see if it’s true.”"
What potion grants good luck?,Felix Felicis,"According to the quote, Felix Felicis is the potion that grants good luck.","s. I take it,” he turned, smiling, to look at Hermione,
who had let out an audible gasp, “that you know what Felix Felicis does, Miss
Granger?”
“It’s liquid luck,” said Hermione excitedly. “It makes you lucky!”"
What does the Marauder's Map show?,Everyone's location at Hogwarts,"The Marauder's Map shows the location of every person within the Hogwarts castle and grounds, with tiny ink dots moving around the map to represent each person's whereabouts.","THE MARAUDER’S MAP
It was a map showing every detail of the Hogwarts castle and grounds. But
the truly remarkable thing were the tiny ink dots moving around it, each
labeled with a name in minuscule writing. Astounded, Harry bent over it. A
labeled dot in the top left corner showed that Professor Dumbledore was
pacing his study; the caretaker’s cat, Mrs. Norris, was prowling the second
floor; and Peeves the Poltergeist was currently bouncing around the trophy
room. And as Harry’s eyes traveled up and down the familiar corridors, he
noticed something else."
Who is the Triwizard champion from Beauxbatons?,Fleur Delacour,Fleur Delacour is the Triwizard champion from Beauxbatons.,"“The champion for Beauxbatons,” said Dumbledore, “is Fleur Delacour!”"
What is Voldemort's real name?,Tom Riddle,Voldemort's real name is Tom Riddle.,"“Very few people know that Lord Voldemort was once called Tom Riddle. I
taught him myself, fifty years ago, at Hogwarts"
What spell is used to produce light from a wand?,Lumos,"The spell used to produce light from a wand is ""Lumos"".","Harry took out his wand, murmured, “Lumos!” and a tiny light appeared at
the end of it, just enough to let them watch the path for signs of spiders."
What is the name of Hermione's cat?,Crookshanks,"According to the text, Hermione's cat is named Crookshanks.","Pigwidgeon zoomed happily around his cage, hooting shrilly. Harry knew
Ron too well to take him seriously. He had moaned continually about his old
rat, Scabbers, but had been most upset when Hermione’s cat, Crookshanks,
appeared to have eaten him.
“Where’s Crookshanks?” Harry asked Hermione now."
What magical plant does Harry use to breathe underwater in the Triwizard Tournament?,Gillyweed,The magical plant is called Gillyweed.,"“What’s it do?” said Harry, staring at the gillyweed.
“It will make Harry Potter breathe underwater, sir!”"
Who killed Dumbledore?,Severus Snape,Snape killed Dumbledore.,"According to Hagrid you were with Professor
Dumbledore when he — when it happened. He says Professor Snape was
involved in some —”
“Snape killed Dumbledore,” said Harry."
What shape is Harry's scar?,A lightning bolt,The shape of Harry's scar is like a bolt of lightning.,"Dumbledore and Professor McGonagall bent forward over the bundle of
blankets. Inside, just visible, was a baby boy, fast asleep. Under a tuft of jetblack hair over his forehead they could see a curiously shaped cut, like a bolt
of lightning.
“Is that where — ?” whispered Professor McGonagall.
“Yes,” said Dumbledore. “He’ll have that scar forever.”"
Who are Harry's parents?,James and Lily Potter,Harry's parents are Lily and James Potter.,"Of all the unusual things about Harry, this scar was the most extraordinary
of all. It was not, as the Dursleys had pretended for ten years, a souvenir of
the car crash that had killed Harry’s parents, because Lily and James Potter
had not died in a car crash. They had been murdered, murdered by the most
feared Dark wizard for a hundred years, Lord Voldemort. Harry had escaped
from the same attack with nothing more than a scar on his forehead, where
Voldemort’s curse, instead of killing him, had rebounded upon its originator.
Barely alive, Voldemort had fled. . . ."
What spell is used to unlock doors?,Alohomora,"The spell used to unlock doors is ""Alohomora"".","“Let’s find out,” said Harry. He pushed the door: It was locked. Hermione
pointed her wand at the handle and said, “Alohomora.” There was a click,
and the door swung open"
What does the Imperius Curse do?,Controls the victim,"The Imperius Curse is a type of Unforgivable Curse that allows the caster to control the actions of the victim, making them do as they are told without their consent.","“Years back, there were a lot of witches and wizards being controlled by
the Imperius Curse,” said Moody, and Harry knew he was talking about the
days in which Voldemort had been all-powerful."
Who teaches Transfiguration at Hogwarts?,Minerva McGonagall,Professor McGonagall teaches Transfiguration at Hogwarts.,"Professor McGonagall was again different. Harry had been quite right to
think she wasn’t a teacher to cross. Strict and clever, she gave them a talkingto the moment they sat down in her first class.
“Transfiguration is some of the most complex and dangerous magic you
will learn at Hogwarts,” she said. “Anyone messing around in my class will
leave and not come back. You have been warned.”"
What does the Polyjuice Potion do?,Transforms the drinker into someone else,"The Polyjuice Potion is a potion that allows the drinker to transform into someone else, temporarily changing their appearance and voice to match the person they are imitating.","“No, it’s not,” said Hermione. “All we’d need would be some Polyjuice
Potion.”
“What’s that?” said Ron and Harry together.
“Snape mentioned it in class a few weeks ago —”
“D’you think we’ve got nothing better to do in Potions than listen to
Snape?” muttered Ron.
“It transforms you into somebody else. Think about it! We could change
into three of the Slytherins. No one would know it was us. Malfoy would
probably tell us anything. He’s probably boasting about it in the Slytherin
common room right now, if only we could hear him.”"
What is the name of Voldemort's snake?,Nagini,The name of Voldemort's snake is Nagini.,"“Dinner, Nagini,” said Voldemort softly, and the great snake swayed and
slithered from his shoulders onto the polished wood."
Who is the caretaker of Hogwarts?,Argus Filch,The caretaker of Hogwarts is Mr. Filch.,"“I have also been asked by Mr. Filch, the caretaker, to remind you all that
no magic should be used between classes in the corridors."
What does the Mirror of Erised show?,The deepest desire of one's heart,"The Mirror of Erised shows us what we most desire or deeply want, which may or may not be the reality of our current situation.","“I don’t need a cloak to become invisible,” said Dumbledore gently. “Now,
can you think what the Mirror of Erised shows us all?”
Harry shook his head.
“Let me explain. The happiest man on earth would be able to use the
Mirror of Erised like a normal mirror, that is, he would look into it and see
himself exactly as he is. Does that help?”
Harry thought. Then he said slowly, “It shows us what we want . . .
whatever we want . . .”
“Yes and no,” said Dumbledore quietly. “It shows us nothing more or less
than the deepest, most desperate desire of our hearts."
What plant screams when uprooted?,Mandrake,The plant that screams when uprooted is a Mandrake.,"“Mandrake, or Mandragora, is a powerful restorative,” said Hermione,
sounding as usual as though she had swallowed the textbook. “It is used to
return people who have been transfigured or cursed to their original state.”
“Excellent. Ten points to Gryffindor,” said Professor Sprout. “The
Mandrake forms an essential part of most antidotes. It is also, however,
dangerous. Who can tell me why?”
Hermione’s hand narrowly missed Harry’s glasses as it shot up again.
“The cry of the Mandrake is fatal to anyone who hears it,” she said
promptly."
Who is the half-giant who befriends Harry?,Rubeus Hagrid,Hagrid!,"Ron looked around at Harry, his expression very serious indeed.
“Did you know?” he whispered. “About Hagrid being half-giant?”
“No,” Harry said, shrugging. “So what?”"
What does a Patronus do?,Repels Dementors,"A Patronus, when conjured successfully, acts as a shield between the caster and a Dementor, driving the Dementor away and protecting the caster from its effects.","It
is called the Patronus Charm.”
“How does it work?” said Harry nervously.
“Well, when it works correctly, it conjures up a Patronus,” said Lupin,
“which is a kind of anti-dementor — a guardian that acts as a shield between
you and the dementor.”"
What form does Harry's Patronus take?,A stag,Harry's Patronus takes the form of a silver stag.,"“EXPECTO PATRONUM!”
An enormous silver stag erupted from the tip of Harry’s wand; its antlers
caught the dementor in the place where the heart should have been; it was
thrown backward, weightless as darkness, and as the stag charged, the
dementor swooped away, batlike and defeated."
What spell is used to erase memories?,Obliviate,"The spell used to erase memories is ""Obliviate"".","“The adventure ends here, boys!” he said. “I shall take a bit of this skin
back up to the school, tell them I was too late to save the girl, and that you
two tragically lost your minds at the sight of her mangled body — say goodbye to your memories!”
He raised Ron’s Spellotaped wand high over his head and yelled,
“Obliviate!”"
Who is the head of Hufflepuff House?,Pomona Sprout,Professor Sprout is the Head of Hufflepuff House.,"Harry thought even Professor Sprout seemed distant with him — but
then, she was Head of Hufflepuff House."
What creature is Buckbeak?,Hippogriff,Buckbeak is a Hippogriff.,"“Good man, Harry!” roared Hagrid. “Right then — let’s see how yeh get on
with Buckbeak.”
He untied one of the chains, pulled the gray hippogriff away from its
fellows, and slipped off its leather collar. The class on the other side of the
paddock seemed to be holding its breath. Malfoy’s eyes were narrowed
maliciously."
Who is the founder of Gryffindor House?,Godric Gryffindor,Godric Gryffindor is the founder of Gryffindor House.,"A glass case next to it held a magnificent silver sword with large
rubies set into the hilt, which Harry recognized as the one he himself had
pulled out of the Sorting Hat in his second year. The sword had once belonged
to Godric Gryffindor, founder of Harry’s House."
What is the name of the school that Harry Potter attends?,Hogwarts School of Witchcraft and Wizardry,The school that Harry Potter attends is Hogwarts School of Witchcraft and Wizardry.,"Dear Mr. Potter,
We are pleased to inform you that you have been accepted at
Hogwarts School of Witchcraft and Wizardry. Please find enclosed a list
of all necessary books and equipment."
